ASIN,Image URL
B07HRLKLSS,https://images-na.ssl-images-amazon.com/images/I/61-J82GxpUL._SX522_.jpg
B07KQT4SQJ,https://images-na.ssl-images-amazon.com/images/I/61wvsNG9LhL._SX569_.jpg
B0157IHJMQ,https://images-na.ssl-images-amazon.com/images/I/71q4lj5Gh2L._SX522_.jpg
B07CVFWVF5,https://images-na.ssl-images-amazon.com/images/I/71WahhHci2L._SX522_.jpg
B07H2TPZGV,https://images-na.ssl-images-amazon.com/images/I/71DPlFu1PkL._SX522_.jpg
B077N3CXZY,https://images-na.ssl-images-amazon.com/images/I/61zOP2LWddL._SX522_.jpg
B06XJRQVX3,https://images-na.ssl-images-amazon.com/images/I/61kHdH2AWJL._SX522_.jpg
B078WKT1HL,https://images-na.ssl-images-amazon.com/images/I/81TJDAyhPAL._SX522_.jpg
B074YYVXQH,https://images-na.ssl-images-amazon.com/images/I/71YD5dvU-mL._SX425_.jpg
B071WPR7XK,https://images-na.ssl-images-amazon.com/images/I/51YpArlasKL._SX425_.jpg
B00SAUAP5C,https://images-na.ssl-images-amazon.com/images/I/71e23z%2BVg8L._SX522_.jpg
B00SL6A8NY,https://images-na.ssl-images-amazon.com/images/I/51ULYMCNInL._SX425_.jpg
B011JV9HA2,https://images-na.ssl-images-amazon.com/images/I/61GYtlfA3ZL._SX425_.jpg
B071LB1GG4,"data:image/webp;base64,UklGRv4UAABXRUJQVlA4IPIUAACwYgCdASosASwBPrFWokqkIqGhJLU58IgWCelu4XExERScamuH/7wd8v0ibdDzG+dZ6QvOZ6lj0AOmG/w2SkzG2z+xab3wRxF7aX993r/FXUIxS/3vcNbx/p/2T9hr3F/A+oL9h5w/zPJo+Df577AHi8fWfo5+sfYW6T3oZ/tURTlxtXmCCxoG/Jy42rzBBY0Dfk5cbV5ggsaBvycuNq8wQWNA35OXG1WDxUsPHlo8LLu2Qq2H+sccy9MqRJzaKB9i4yEvGPfo92Wt3Z5G0ZdKAt31edDNr7FjThIk2dZF0+/puLxfJLfoUOVyD6JHuy3uqk0RmP2K10pma7/xmbSM/1bC2rzBBLFxUuzg2uhcj146JApMtzNTawobNDf12FVksXt+mmr4/mZ9IvTbC2NtAxFIhtmEIRTzBBYw5s4FkvZhzS0KtrvH/qjAMqScgW7PNEm6vjJyVJWLSezO2sbt/kf1ksFNfko12RTwVdJhiStnxQMvdBocuWTysEV522fmQaZ1jarCfLZbUDjr0ra2uiPvIDZjxw9kPRySnLjZqHrD+tbe2wnz1QZjQFzu18p/pb2/6Qf3YcAQ0i0/LuqK4YL2BilIdYyi6rcvpCmjYvhT0e/+bJW2N+n7tfFp+3Nel7bev+E835Mgxfse13ketLZs90tuPdqY5z4x004D9xKtXmB7x8tQTc1cD9oK4raYp051gceZuJF1tQXXG6iBc4Qc0cV0oAb1sKkrUwBWCN6S3NBKn6IxKFQd7ODoIYI4+/tdts4af3FFwkz8KKOcZrR3iWWF1dDIYzZpr05akCwcSAuohUDffyjCYlWlhBGlbos4h3wKPZpoBQootde1fzED1t3/T3ZQMokDTm1YtzPXrZDIFYQQxNYLMzweUrEuWcc0rBJOxVkgQ1yRPgx+DjRpEaJo4c9yppS/4bimuzLONeYIRx0yzdycPKvkLXpzPIcUfscKj559AkJOPt0r/vTl+PDQ/LZ2SJHeJviPk1g7hL+is9HwEFjQN+TlxtXmCCxoG/Jy42rzBBY0Dfk5cbV5ggsaBvycuNq8v8AA/v6roAAAABxsYG0+a/24q/Tkhvr7+3y46XUFRdxd8cOAmuWi35GcK4BdRW4CLw52Gy2I4r3sL8rR1aDcM6X3oF9/9RLcjsL0Kwu9UnbB3+SgfsAj+CF6mHg3zqaNQrNGvAcB5lEr4lF0IpUt4ciudPgHgSlDKKGNOa47araKbRDQumF95paSqZZs8tcIQ3OOkMoIlKSJI2Fc6mky0vMGVP7mgogSJKQIWri/gG4HzWFvj67KDjHIsRsHABbNk49mRl+4mrRGjQ+UUt2FEkiNOaii1MQMB5Nr202RQKfY49EZxa1aYb4txv06IqwaaCF7uKMe0jmeZvdXAsar1teICddwXm5jUKX1UG4kRaozhBamkZv0VLQSBJnsD5BGSA67T1DQszAje+iDELq1Vhd7Gavayv2Ce9T4gxqMPHr45fFhyaRjAwFux44Ke0y58+RB0frRC4sge2GQ/v938yVHLisUE5mLg9hI5BfMF5Zthc+XLzNCdfoIZWPD/v0b/Y844+1cdsmqdsWtsuN56uK/D++soRdZGgFSpNm04iwc+vEbf2JVeMl0mLHvb7JaETDzbSm+4gxXk3K7702+fFvClZAmvYwW9EJhvwboUjDhWpHlLyEM/ApczF+75GSX/O3GhOFRr1GuMynjj4NMNzCr1WSlNsx+XetdMaXzVH0ga+QMyQK5dSyCGJiK2OhFRnOWPEEJTJfQLUCBwIr9rbUfxUBIaGVGvErocsD9kkSBL+VcnTHdwDqmj6neUI1aLYNEPMgz6BGcvnqgRcr98r9l96mCXa5YhR4/rW+vZCHQKlhj2ZLSU2sugBkJee7cydrhvNUp8KBo175Bl/L3+lkjber66QfLPQ5RKYxkfCQKBZy/oDNIXhuYybfdGHokURhHjvqVfP+LX1YX8iGVlcIaTtOPHp4OUpD0Wmn98HK+iOjz9Fzs2adu7Ew9d1n38ZDUqv8yVoNJtFBgTTneiGANZJWC9U/73J3qXGDcgVZKLtDJ2XgbZkNqO+57phRpiH1IO80MWH1KMmmtDjkS91IF09vJaqvHTMFVh4hkHRNFI2krBmBlaEjGm/gAYG/b0wZ6hzQqwIfVKMcrBOnrRaH0Ahyxggpi3skT8YS8u0DoWfrJKCxMOdGSEJIlCbV6DY2RIF7A0YtgSFOJX86/wTjxTPzOGz1iCIIxVRmzmDUScaMmndEBnXG5qybvvUUY6E0NNOJ3N08dkLKNjmLtNvY7Xf98jpjt5SFUqY2b+n1oukSHTfIo6CrNRLI+bRAM44uvRlZnthzawUsU/ziZQcjg8BvplblwKIA5ZFJ3UBFoD1uHnAB+oMzfAo4dR17W1++5t0h2wWOttzLKLH/PT9Hbr3Q0qiHPOX75iNjJXttTbEfcD/QmUgmZJcxzn0VY7QDmu5XwuS8hOAr3fR80W5hFCa4ciYmIijKIr3c//yxbEF9pjMbl571Hb+mSLd0WR4a0+AuTd6V0UF83h/ZnUcxFze1/PzWEe2+jZ7d6sEhqPf6so53ek3PMA84Ar2AKAqj14M+nUY4xFFXU1g/heN8VclnDm3CC4W0YZHiuzRPAx6nGQdes7062cqCMeQ2tpTOYFq5KBxe4W/kdDGj9/dr9DKFsx/20+YFk2OfszT8nl3XpOkLD8jgrN7t01vlWXBPPV9xfuaimHfc+zBHjEWHfpv8Ye8Ze7/g3WxRX08BDIw1y2xSjk5oukUJq/bKmJdEH/1nufYlAvJupYgETv9U9GbLeAXJS/77pVwjnQinNM6zB1yoHyBqu5D4hnZza7hhcpkYeCFyvIzD915mGv8sTOOTc8LZLKNGF7V13AnvUWgaQfzNVALmhT3OdD0bhYZiLL4G/ZxWAhjW3FIQ1AHM+/nBmmhdkycvBvCvKtr2g24nXK8+X5tuq4KeIuV2TREVmmhMTiIWmYcSJtq5wx4GG9+5u5IQYffPJrgxd/qENkremr1YIHcTuKCBEF3hiit7b0SHj78wjCC5lmEW/Hi1Le2OeE45DkWvyDcoCJzvAYOBypVu8MKju7iE2J5DzwpOGJCj9CvO2q00iwXWcsxDOXELhAri2iL7AxSy5Ft73ks5AkuVzwAaJ2zDcbtkvrLZBwcaC5cj8z6QW9zMeaszLGAzXGHQNa3/6Ax+sS3khCmT6cN1yilUBMCxWA8mZj61fRVsG23qNjJpHthtP2nVjT2eY8n/Zy+5iVAFtS6JCnxH/lcVhBP40dCS5LRpWZFc94NuH/M551Q/kAe/KZOvo6Djt+lfqLtBMYrp6Wd5S4XJBHiCX0tSdgQitTSBjW6trhCDRvmqoCkCSc/Ah+5cT06M+8zmhrvzq/Rw8fHrCwqd16SZnQ9sikn8TcaMOMVRWFOqR3S3H0ALk2sP0GgY9WwAMjCTxpTT5BOi4/dYyfpIMJHBkGW82tfVyjwq3AbwpQR03Wq5S9bd+JwIuF6ZHxuqmkPfNEHx/lvRQDmzUIHElTwWV2PD7G+yOmS7yEFgX3uCnf6iPUg6EhE8mqJfse03kivCOukF/6b849YmnM9ZFNk5F8jdeHtqOT8MU46XWpScW3R2w9g8gal33HIL9mlXqzRzxo7Zqdp47ds4iD1NYTnaLJyyXNSK38zqnKKIFBIfVTgqsQgfrxIOXu46w18R/GZdtc9zaXeBGb3KMwYzndAxUA6yspHt1FJSB0QHlcqfhJodJAcstNmrUEADRRLtH+oyYMO5EH1M3W9bXVJxiLvjbgpHBeb+yzGEQ6MAKRZNumP6RGW9nGv9mOmxL7mP9Tfm4ti/GrtShFCelaINPCUHJ4qpZull7m2hAPtnb3Q6q7/bkI5K4moTlAR+uGV5lPTvayBTl9fJ8ipscoBx6Hto5IPZw9qAhkR3oNPPqtBpZS6QDe/rrB9jd13LimmxSqjryWH/BNmgQBcaQaqvW/tscvHlDjMQ/fFauQUTiPQzN6XgKUt0m6gw+k1RA+6SU5dmzJLmswmt0pxvkcUWkvzKZ3sm3v5EUp9VlqJxzdkuLPdE+VLXIZWs7gMd4Xz/KJqnFIRjRkSFdio8pFf1/5dWFW2mHeGSWcsGjZvHrgBn+n1/tzjZ/oi2HMoc5y6xGVnBcYdQVNYI8B+RfN6GcauwR7drtfwy6SKte2JC9jEwnNfFMmqSiFI6QBkZzCENDuLiiAJncO4utQrcJ63MZ0UmgmbEN54E+BdStsR17jh5QFr2bkK3gYtWipB/gkPTySqYjl0blwE3LTsxfMuP/ne5hq2iYbLRswVljAyv2j6aIfAHmisybi2Np0qTulkypQEBGZ7H2qNW3VhGbf1jzEskGYuIJ8GH+x0CRYsD8ZcOCn4Mq1DynyQGh4kKEV9OC4JUJVZMZDMRNHxtzyLN7D/gs8Ehd9MeijG4hTxJgK7+28c+HfnHRViY0PsjCv+IaZ9V3Ye0S38Dh55W1/2XKT/92wxwmG3R0FQ/slNmC+tT+xjS/KgqKhx/gBs0kzN4ir831/PHNztjFEZVmjLTX/2JQ+3ZM55zVR3m1QnK88cxIxBLEadUMWcs2Lsyj3MP/BPiuoKr9ZV3oPeWNsF6bWUdhm/QzEtAxdlIihEwqQeyAf19K5lD7JskYDnoTCF0Tgfb+oDOlt7l/TjfzT4VdF23CHWQHLg+4s5MvgZx/+5s+zvsfR0Hu5ITYSsNIJ7ySmXk+ENRUFTqIDzgeCQvh9xxUZuamKP4InZhPqQFN5aBJaTlC17FZEFXQtXjF9+37xzAcqdlHXiBO3dKuh+ptbKP8Nz2BYq5r51GpxIqrA65EqmS3W5oKxH2tFiv/UQWIAEdzVWJCioKHDW2jpX5Fn6fF468mO6k+GAkUjde2RKlmnPjirVcn3LJRZsQUmH/yl6T/BVUcAxdIa7qK3I1lAwgq0yprz3GLVKrZLKhv5Lvn0HloNbkN8c46QDTVitR1VhwtGEAudZiMSCQgDdEGJdyyNh1R0sQrdgQus3mkDOE/ksh7wfyuOpYdsGD3zcnrw7vGYIhmJuwRbWQiILc+3gHC4ByAFh0/FN20wSZKWVmXpCejhKErpl+7YzrvDmU2YbzuwfH/9fldcvbMWr6fPQYXrILods2Vtd2TaU4oDp8FofE7peZYcxlTbVCxy9R3VQaAKLstxlBnbBwul+ivmvnSHtEhKGvJhOG1bqM2EOfhY8eWJyGxI+Ty2lTRVlrZcs+OSLRU6RchmYFEaGYtvfLHMd/kBf33udzuJ6ym/fJNxZ8+mDYEZvMrArb+6OnMasqt6YY3up9bjtpaXYB38E8UhcRNStv8VfjyxM5ySK/OldSDfBCBSgUOZbcga5YKOpnol1exEdOH+28OlKx8E7/bBRA6nuYLct4SJaZowKh6+XiV6r2a3mmuUGYtzMAOksuCbnGoBsX6th/uOF9PywjTZwrr81INjnTbcEUZsEni1ZR7u18MAdLwis7J15n/bIA5qzZ0mjQruf9drelwSX+9trJhhFFsigE7PfLthXsOkySc9VZc9rii2thPTITvoy5n2uIMH4L4TdShatChU4pW40sFREleKywAf4K/fqmqis43NTbcFbctRE3hjc5+gsVfHcOHx4Dy/fovQPVsFdl9EC5kpGyRcxslu9hk346QqaPrOYzbNJb7gPINTp7vvl7IlhoDjx9nStsXYa/B4pKA/SgdeC3q2ZF5oJNUlpxfWSQaYRQSmZmwdSqCAIbsOccZq8J20WOUYrX+98x2gQXNHaQzygH5szHw+6i3a79AYz/6/IbZTiqyWv7B3O1e4Q5ECoXbaSFWvN5VHnVr+P+4uXPsaBnOWgqAVo3et3CshsD0s6BcHew2n5PAav3z0DXvZOVpu8jLS8gogYssgSBLBmnZIgCdHd0q5cWzRRH0sMlIp4UlMLQ4mLRpmsA1Ufm4pfQe1cscMB5YdLAYwN7DCcbOWJwgosINfdJZ5BhNyLC9q2qmDqIlpMNKIlAqLY9zmC1UQ0KujNziMvGA0LPNrQxeXNH7awga624CEa8TEQgSeIj3YZaBkesLowo8UY1C2WH+9EqTlqyifJJfs1UGjEzxH26kQu1CMoxml9PpSCD2MdNL8I6S02y2TRbAVF6BCqZFTwUO6lzo019GnKPT4IC/IIZUg7ioqsn3tuoYt4rbgmG6Sv95L14Q1tE7xh4v9lmR2IuM0FtfU316Q3xGncLFN2pRBxRj/bJW4EnJdWgERO+X2JPZkrQS0Y/kkb7hd/gubVoEhZHMARdfJFnHN7ksDanVZQ7uNebP8m8i03XDNMiL+IK3G8/5iSWnOBiJaGomInlVp4HrJlVJCveYSCeM8elTPp5pBiKui6wkPunMc11Q5q75efR4qDdasshCznH7UOv3wSGhLqR9bhHHD29CQq3hn9jM/uXBCVo+9Chwc2xXZMwglTz5eX5sXUd1VrcdB9u1HhDlbUxQLRo6FELEOdEPcu5BfPTXafbSWvu4u+ylJ+VAzp7EYMu8tb2gYPaOoEe2tvqjSeVT91yySpV1XHeirlx/J8nKYktOLavSgdSspVxbd+SF+Bcqdz8GIY6VjbvFX6p7IRUdpn/h/Ykklm9R4X60HLz6du6qvc43v+6fNqPU5eKfOQU11YFdaKifXcoMz8Whk4YkuSECNw4oso3C104vrm6xmfR4CWfyZSVLW8SfVF4a5jyy+pmeHR6W71LVyzGtLVErvmFwmkgLHkfvO9aBfidcrvCLEuf6AE862WdFWysg6mmK27FA5p04joKhueRNvZZr14QhVKWZqImoXnW51p33/qiagOYQQZNwtm6tM1cv7c3zono7DPN0tgykTa6a1qowvovpkq1+9K8zsAFZm+AOHI1BdZpwUgj9/2irCSx+zdrg3Xw8J3aF91OnNgyLmjk8fZ2S01kKK4LvQVmDqcSgzScBVdqv9OqTuLnyKN2a9mYLHN1k6fZPYZKogfz2YwVfftS5jj1sjJv43uRA5gP/m78ubGpAs0Brr2IofrY3gzLrffC0mhraTf5tnvXZjRbFORq3ImSEY6bC/8U9lyfrpQse6uFjHQgkIoY6Jy1SqfRLudaBkeCpbIX2yAK/cTP48RXGxxUq3HdRfyzAAAAAAAAA"
B01A1XRJJK,https://images-na.ssl-images-amazon.com/images/I/71vU%2BCubvrL._SX425_.jpg
B00MNG37C2,https://images-na.ssl-images-amazon.com/images/I/61bgjJ-EtAL._SX679_.jpg
B01E6CX34C,https://images-na.ssl-images-amazon.com/images/I/610QLK-mafL._SX679_.jpg
B01IK37D3A,https://images-na.ssl-images-amazon.com/images/I/71aJHN16WQL._SX522_.jpg
B01J42JPJG,https://images-na.ssl-images-amazon.com/images/I/818mkn%2BSPLL._SX425_.jpg
B074S2HK59,https://images-na.ssl-images-amazon.com/images/I/617iuKDAnTL._SX522_.jpg
B07DDF58XM,https://images-na.ssl-images-amazon.com/images/I/71DCb1rKZXL._SX522_.jpg
B01LZJI53X,https://images-na.ssl-images-amazon.com/images/I/81%2BTyqm2GSL._SX569_.jpg
B013U0F6EQ,https://images-na.ssl-images-amazon.com/images/I/71Ao-WrjMDL._SX569_.jpg
B01N5G5PG2,https://images-na.ssl-images-amazon.com/images/I/81ZLyZZzJ1L._SX425_.jpg
B07CHVH11J,https://images-na.ssl-images-amazon.com/images/I/81PxqZjw-DL._SX425_.jpg
B00HR5P8FS,https://images-na.ssl-images-amazon.com/images/I/412E4VMAVPL._SX569_.jpg
B003JFJF5E,https://images-na.ssl-images-amazon.com/images/I/61XeKlyh%2BJL._SY679_.jpg
B00R3LQW42,https://images-na.ssl-images-amazon.com/images/I/21kuNwqzdAL.jpg
B071JSSF8T,https://images-na.ssl-images-amazon.com/images/I/61zjHZhmZPL._SY450_.jpg
B00P17WZRS,https://images-na.ssl-images-amazon.com/images/I/61Fj-pSS85L._SX569_.jpg
B00DLJ7N2U,https://images-na.ssl-images-amazon.com/images/I/61aI0EWKnQL._SX522_.jpg
B0070PBVWO,https://images-na.ssl-images-amazon.com/images/I/31%2BBAlrcQZL.jpg
B071KW9GTT,https://images-na.ssl-images-amazon.com/images/I/71F5DXKecPL._SX425_.jpg
B00VJ4SHZG,https://images-na.ssl-images-amazon.com/images/I/71OfQ%2Bc0ocL._SX679_.jpg
B001RPL902,https://images-na.ssl-images-amazon.com/images/I/81TdFCZypGL._SX425_.jpg
B076RS49RF,https://images-na.ssl-images-amazon.com/images/I/71jNnKkrrAL._UX679_.jpg
B078J2CZ4B,https://images-na.ssl-images-amazon.com/images/I/61uS6zt9NyL._SX522_.jpg
B00KXZC762,https://images-na.ssl-images-amazon.com/images/I/51mv79BuapL._SX522_.jpg
B06ZZHRGC7,https://images-na.ssl-images-amazon.com/images/I/71dYj%2BpDgfL._SX679_.jpg
B001RPL902,https://images-na.ssl-images-amazon.com/images/I/81TdFCZypGL._SX425_.jpg
B01LZ6XKS6,https://images-na.ssl-images-amazon.com/images/I/61hIPx--BAL._SX425_.jpg
B005MYXKG0,https://images-na.ssl-images-amazon.com/images/I/41YsebRC7LL._SY879_.jpg
B07GPNZSMY,https://images-na.ssl-images-amazon.com/images/I/71-LV9vYPmL._SX679_.jpg
B07174LM85,https://images-na.ssl-images-amazon.com/images/I/71gdjsdi3NL._SX569_.jpg
B0163GS05Q,https://images-na.ssl-images-amazon.com/images/I/712RG-x0YaL._SX522_.jpg
B001FXUTUM,https://images-na.ssl-images-amazon.com/images/I/61Xw%2BjzDCVL._SY450_.jpg
B07FQP7JQ5,https://images-na.ssl-images-amazon.com/images/I/71DeUT1gaWL._UX679_.jpg
B07CSG9R72,https://images-na.ssl-images-amazon.com/images/I/610-kdwWWaL._SX679_.jpg
B07GM2J11Q,https://images-na.ssl-images-amazon.com/images/I/812MizmMvkL._SX425_.jpg
B00IJJQ4O0,https://images-na.ssl-images-amazon.com/images/I/71uAoDj%2BX9L._SY741_.jpg
B0009DT39C,https://images-na.ssl-images-amazon.com/images/I/61NT-CUqBZL._SX425_.jpg
B078HMR4QG,https://images-na.ssl-images-amazon.com/images/I/81-XC7VY2hL._SX569_.jpg
B07DB2NQ3N,https://images-na.ssl-images-amazon.com/images/I/81AMJN4i6jL._SX569_.jpg
B01MAZ6D4F,https://images-na.ssl-images-amazon.com/images/I/61OLhFHGkGL._SY550_.jpg
B076Q3GBJK,https://images-na.ssl-images-amazon.com/images/I/71UVoEe03xL._SX522_.jpg
B00TI5ZMZQ,https://images-na.ssl-images-amazon.com/images/I/71s0QdPdQ-L._SX425_.jpg
B07DVWP1PC,https://images-na.ssl-images-amazon.com/images/I/61LSG6EfDgL._SX522_.jpg
B0085NX9B6,https://images-na.ssl-images-amazon.com/images/I/71HLZKqEAhL._SX569_.jpg
B075JSK7TR,https://images-na.ssl-images-amazon.com/images/I/51TxM4dNYhL._SX425_.jpg
B07B73WM7S,https://images-na.ssl-images-amazon.com/images/I/71PyaexPorL._SX522_.jpg
B076J184LM,https://images-na.ssl-images-amazon.com/images/I/71TCixvQotL._SX425_.jpg
B01FVNA1D6,https://images-na.ssl-images-amazon.com/images/I/61277KjTN%2BL._SX522_.jpg
B0793H2NMX,https://images-na.ssl-images-amazon.com/images/I/61GOi9P%2B8hL._SX569_.jpg
B01M25O8E0,https://images-na.ssl-images-amazon.com/images/I/71bkGstcObL._SX522_.jpg
B0081NLRE6,https://images-na.ssl-images-amazon.com/images/I/81skNDrVGzL._SX425_.jpg
B07G39ZM3N,https://images-na.ssl-images-amazon.com/images/I/61Fg3GD8AgL._SX425_.jpg
B077T46GLP,https://images-na.ssl-images-amazon.com/images/I/51jaRdqhXrL._SX522_.jpg
B07GYZP1R7,https://images-na.ssl-images-amazon.com/images/I/71CNUuuH8mL._UX679_.jpg
B01LXYG77O,https://images-na.ssl-images-amazon.com/images/I/71ocr9aTQqL._SX522_.jpg
B0749NTSCD,https://images-na.ssl-images-amazon.com/images/I/51YpArlasKL._SX425_.jpg
B07498JDX4,https://images-na.ssl-images-amazon.com/images/I/71QAvVI9nFL._SX679_.jpg
B0049LUI9O,https://images-na.ssl-images-amazon.com/images/I/510h8r-fecL._SX425_.jpg
B07GB3QXC6,https://images-na.ssl-images-amazon.com/images/I/71RnrdJlEsL._SX425_.jpg
B00ZS4HK0Q,https://images-na.ssl-images-amazon.com/images/I/71j8tKKxMaL._SX522_.jpg
B007B6RR98,https://images-na.ssl-images-amazon.com/images/I/61sLSRzOWpL._SY450_.jpg
B07CHV85BC,https://images-na.ssl-images-amazon.com/images/I/91Qd867uJAL._SX425_.jpg
B00IELAW28,https://images-na.ssl-images-amazon.com/images/I/51oSO7gjW7L._UX679_.jpg
B0713SPCQK,https://images-na.ssl-images-amazon.com/images/I/71qgNnBQ8RL._UX679_.jpg
B07DL3GK19,https://images-na.ssl-images-amazon.com/images/I/5151MerXAsL._SX425_.jpg
B06WD61CF5,https://images-na.ssl-images-amazon.com/images/I/71Tl%2BD5RcNL._SX522_.jpg
B001KYPZ4G,https://images-na.ssl-images-amazon.com/images/I/61qCG9%2BG1HL._SX425_.jpg
B00XLECZMS,https://images-na.ssl-images-amazon.com/images/I/61eklEbVzKL._UX679_.jpg
B001G7PTWU,"https://images-na.ssl-images-amazon.com/images/I/41Si1uIBNoL._PIbundle-3,TopRight,0,0_SX167SY500SH20_.jpg"
B078NVVDXB,https://images-na.ssl-images-amazon.com/images/I/51qVSG%2BvadL._SX425_.jpg
B0025VDN7E,https://images-na.ssl-images-amazon.com/images/I/71esoGAnOqL._SX425_.jpg
B00IJJQ4O0,https://images-na.ssl-images-amazon.com/images/I/71uAoDj%2BX9L._SY741_.jpg
B010M4D0ZA,https://images-na.ssl-images-amazon.com/images/I/717%2BrrIddvL._SX425_.jpg
B07BFSYVLW,https://images-na.ssl-images-amazon.com/images/I/61s2JKdtRvL._UX679_.jpg
B07498JDX4,https://images-na.ssl-images-amazon.com/images/I/71QAvVI9nFL._SX679_.jpg
B07MQZ8LBT,https://images-na.ssl-images-amazon.com/images/I/61GmR6lKl0L._UX679_.jpg
B07NVZHTMQ,https://images-na.ssl-images-amazon.com/images/I/61mTylWMR6L._UX679_.jpg
B01KKZRF5C,https://images-na.ssl-images-amazon.com/images/I/610SHFiNnrL._SX569_.jpg
B0743JH28V,https://images-na.ssl-images-amazon.com/images/I/81MXoKCbKfL._SY550_.jpg
B07MNSV7GQ,https://images-na.ssl-images-amazon.com/images/I/61W89amcdYL._UX679_.jpg
B0719QYRYD,https://images-na.ssl-images-amazon.com/images/I/41bs23hBR-L._SX679_.jpg
B0749NTSCD,https://images-na.ssl-images-amazon.com/images/I/51YpArlasKL._SX425_.jpg
B00AB0MQNI,https://images-na.ssl-images-amazon.com/images/I/51NadKfeNKL._SY879_.jpg
B073P73RTZ,https://images-na.ssl-images-amazon.com/images/I/61Oabeg1n7L._SX522_.jpg
B07DR9GP45,https://images-na.ssl-images-amazon.com/images/I/61EbIgfejzL._SX522_.jpg
B00ZW0D5N2,https://images-na.ssl-images-amazon.com/images/I/51HP8rYEgeL._SX569_.jpg
B06VXWQX52,https://images-na.ssl-images-amazon.com/images/I/71t-OkqVfkL._SX569_.jpg
B06XHG92Y5,https://images-na.ssl-images-amazon.com/images/I/61qP-eAAyPL._SX425_.jpg
B016N98GG6,https://images-na.ssl-images-amazon.com/images/I/71T5Kq52zHL._SX569_.jpg
B07195DHJC,"data:image/webp;base64,UklGRmIJAABXRUJQVlA4IFYJAADQOQCdASosASwBPrFYpk0kIqIhINQJGIgWCelu4XM3CwR/8/6/pWaP5r+x+Pvg69XyCDiP4z9hv2X9v9DO/XgEOr7Qjqp8MfUv7geZ1/l/KS8Sz6r/uvYA/lX9Z/7f9+9ej/x/03on+l//Z/ifgZ6Y3onhram1Ne5IY5y8DfulC4tONqbS8AwgQbA+JUPed4Ze6ULiv/tJLdqSVvXYQhxacbU2ptLuhMycj4Tsd9qELi042ptSz2weSuYVfhysUsRYCwFgLAVcLk/Z269byQ8mycbU2ptL5YcvdydvOulEh5XFpxtTallbnfjuh3eNzSSBvL3ShcWnG0vGQynHslWJE/J+T8n5Pfcyot6TVdKFxacbU2pr0bXenXPeibRn9QVxacbU2prxU+aX88uI/fp1NqbU2ptS1UL8VF5qU85+fk/J+T8n4iVnVZ9a2VsU2ptTam1LRwPsIOzVfXw2qBC4tONqWHQgzVlZJjPlgOy6k907wy90oXFf+tdMP0JdvQEOEvdKFxacWUa9EUmZqX81o1LpEpg4xXejyzJus/ZLuRxv1U1aX8GH2M5XFpxbEe7ANR73/lJVNDwIDZk55GqYUVEyE6SxV40DgrwJy0NunyeD+OZyjAAA/v7xiaIPnN6qOP3hytqh5VQaM9uVwvt3xccayxnz2HshdXLV/Q1z2K+TN8aFkNp4z9qAcNR3DTJojdRIMv7u5ycNeoa5XC/d+gzX+JLJdsCCZdtuGB1xl22ajVGejqxDE+23k3hbO9CofyP4q6TEWZFaeOaWWHj6tqIJ5LXBBG9yw3ouEy3e/9O3cE0KHsq5Hdtv08c0PK8ZPTnKi9lu+6VUy+0XDIDblEGjaJq2fQJygjB5Cs8dKGuGQVW1mA9or5zYXUHv6TcvHaMdCsqqh0ycUFd4RpJLeAS5QGl1nirZLpaaWTS/A+8UY/C8/s9Mu4J3xTOQzvR9Yt9DYBaECfzFAuHH0eSEzNjxCEVDjyjmsgqt7j7y6isDMVVgAllgwViskUnPxYAjlqEZTR0KlgJZyzFAYiznpmRAcrJu9clwcczCFQLEWUpcwKOedosZcYsP+mlyNkPsJCiOmj8PiGUmDEKqPLWoq4oTtv018EwsLQc9wb4qt5nLZQBHeQg95tL9v5g6Sc3qQkFd2dEoFCJ9o67PV5qiUd4jEZpRvBFH/bnY8kgoTT8mKEBVVvGH0GlaqnTBV785SlZ6Ac9732plSFlEgktJMBc00B1is0o+jWh/d1AdzVi8pILxDPrf7fhXDKuYFsXQPetTEK/cR5jN1Z+gG/uzQUnkUB+/zEf9Pwj63nKw2SLLamQpRSig4UYauv3d1+IiA+2gRDq7OkOz38whqURjad5hEKw4nP4V4kEh83IGrb0qbqMoY/2+821B5iyCEGZJoTf0KkayqQ8DDXWwSkDF84nRXV50n6F+nm/fKYvYp3r6Ye9vWFk7U8dzWRpwH4QS9PDXSf8swPRut8o+01TCwmbhSS/CPGlc4ozwXFSGBPnAT8fmFCdeSx3eHXQEHbNqX5xoUAbfYZhv49rDhilLkQ96458LsFzd1WKJNGlNQQ+dpnKSS1Owbf9IHl8LmGwohQLKGyt0/rHFBUmDN27wOAgL+JARtXbAAnQ5LCRSnfSr5ml0u0UJ6/r2dGo3+9ADU1nv0A+cc0qWBAEaJCM1s1rk81bOub/he9fJ/g44e4W+ZZzNkBgVM7BqmGoyAA/wywspmwGaJLs84Uz+TbTh5iPT/nKQu8wIm+V1+GiIlFQW2r8435aGaJ1ueK2Zm8zUbiH0VH+PriJ+ggy2UjOAbPe6wGvYiq6eruKCV80EVCmQ+zPmfdpWmzWxs/CXB7ANbX5mEw+xBvNOKerHYsQfgRoY8JnAjOD8Qkf8TH+Iusb2tHi5o0CZVroEMay+pTpLe0v/nCpuT0M3YGtvYaTpxKOo66eflPrGO6c6aCq9YEhPr0GX5IhncPe4yz+ScNsXOIqjRAI8lw2d/yHewM3pIDapvZOhkUOA5OGoA673JZjSN8HZ27nndoZR2pedkJsEOJM7qiHVII+EdirQcYBZDKIPRH3CqXpl5P3ShZmwCbsR/ABvIzfN+DynHg3AsatHVI9tnXZnAKM7ViTdud5k0GfqF17tWhAwWj4dtEBUiNAsPBtr1PSd4zyuJsgYhPiIMZb4n3kGag5gjBrTYDoqAvE8I8hpPvJwCGRspW5xlVRJhUEyvoW/FhjOSh1cd67Y8/UtOTKdO02t4MNuYRc0K76/8/c6j4gZEMstjuIjz3MlDnLyJtFJfyUCI2bi45ETBvOucm7GwhOzlVoF8VB0b8hlaPFEIVbgH8Vomq9o1AhJf0KPsGakSQv/o14hK2uR4M1lz8+JxTVtuKL+A/BU8o3NvyZJb5m8y9v2q/RGTC3ndP9RXK4AfOqdFrPUdnhShTrsqcqt6Rw19NnzcMCX7fpunXfkSvRUqkPLGRBecHhWo7la4SHqXEMXFctpVeTZSMmofWgwUqp2IgNJs5l2yPTvIEsKjh7MZqjUsw3X6gnjE8sCMfZkJWFGIgjQFHCi5XCF5EhLbQZje5Gq5YGDZrUNT5jPo7WwM8kPdn7Wg4n/xg8eODnCfGUh5W0+G3qB+8rEj63pqrPZIOwvOlQSddVpremCetViE+brVLoKDR0qL+hDqgrxYYiQqyPvJbuZ1Jr/0VsDo2sZG2jrfX4T1VRNwcVBeJ7ujbmkrpCLYwkKbUpIcauF48hJqla/uSccnTnJDcLEIhLgItEqCerpc3OVUcTHjp6EvlM0PO6oFet3F8x14gkKGLhkF3sp67sgLMhYF7g47EsQpa3Nnru6N04yPvmeUtS/u5PV3Yynj9CiO/zWpcz33adlubAnrHhDoEMTBgGJ06/w9UDwKErRmp+DV5/ZBAI8v8IpJ21+UIuZ4q4W0f3Puod4EVJdAbNRK9ciPdHkK9MzjWUTu700LcRtSEqsNXVB6Cf6P8uQ9PGFFbc/4UsL+uI2ioxGFlT5fnT8zYk/w9k49gtqsGllr9YxDlsyqVnP9i6F3rZT59Jfw41zlJtpVwJ8e3om6pgiuDgl45luJ2TznTTTETqE233rjHhBWwgfkwh9sBV5Rx4jXem6BhLgSpNMgHRQdTzj9qQmak27iHoqmhkFCZa/LYR3Mqz9i1qFpQ5V+uqBQMcwJGsAAA=="
B073DKQ3PZ,https://images-na.ssl-images-amazon.com/images/I/61Wa8FuwjLL._SX569_.jpg
B07NQP5TR2,https://images-na.ssl-images-amazon.com/images/I/81qBCcFVwmL._UX679_.jpg
B01GW7BZ6M,https://images-na.ssl-images-amazon.com/images/I/71Q9fphGIZL._SY606_.jpg
B07BSXQQN4,https://images-na.ssl-images-amazon.com/images/I/81pNYnMI%2B4L._UX679_.jpg
B008M10NTW,https://images-na.ssl-images-amazon.com/images/I/61SdKqp2m%2BL._UX679_.jpg
B06WWRZ848,https://images-na.ssl-images-amazon.com/images/I/71vvqeDaidL._UY679_.jpg
B003T5KIL4,https://images-na.ssl-images-amazon.com/images/I/61lGE6zgxuL._SX425_.jpg
B07BJ3G1K8,https://images-na.ssl-images-amazon.com/images/I/61O5RbiXKEL._UX679_.jpg
B0758GXHQK,https://images-na.ssl-images-amazon.com/images/I/91LBtIHbZ3L._SX569_.jpg
B01M9AU8MB,https://images-na.ssl-images-amazon.com/images/I/71yNOuclLXL._SX569_.jpg
B01GCKATD4,"https://images-na.ssl-images-amazon.com/images/I/71KLnGhumuL._SX425_PIcountsize-7,TopRight,0,0_AA425SH20_.jpg"
B073SSK6P8,"https://images-na.ssl-images-amazon.com/images/I/51fMxUnvUFL._SX679_PIbundle-4,TopRight,0,0_SX679SY453SH20_.jpg"
B00O3YNZME,https://images-na.ssl-images-amazon.com/images/I/715PhC65DVL._SX425_.jpg
B07B2N9G63,https://images-na.ssl-images-amazon.com/images/I/81yhiCCuvVL._SX425_.jpg
B01MXLSEJ8,https://images-na.ssl-images-amazon.com/images/I/81HygR8g0eL._SX569_.jpg
