bot_player_1_9229782,bot_player_1@gmail.com
bot_player_2_2107824,bot_player_2@gmail.com
bot_player_3_8782240,bot_player_3@gmail.com
bot_player_4_8558267,bot_player_4@gmail.com
bot_player_5_8660866,bot_player_5@gmail.com
bot_player_1_4650258,bot_player_1@gmail.com
bot_player_1_6621122,bot_player_1@gmail.com
bot_player_1_75557,bot_player_1@gmail.com
bot_player_1_6265659,bot_player_1@gmail.com
bot_player_1_942547,bot_player_1@gmail.com
bot_player_1_3030983,bot_player_1@gmail.com
bot_player_1_7973435,bot_player_1@gmail.com
bot_player_1_5923056,bot_player_1@gmail.com
bot_player_1_4396674,bot_player_1@gmail.com
bot_player_1_2789312,bot_player_1@gmail.com
bot_player_1_9545833,bot_player_1@gmail.com
bot_player_1_4105391,bot_player_1@gmail.com
bot_player_1_4688758,bot_player_1@gmail.com
bot_player_1_2890198,bot_player_1@gmail.com
bot_player_1_8880944,bot_player_1@gmail.com
bot_player_1_25792,bot_player_1@gmail.com
bot_player_1_714524,bot_player_1@gmail.com
bot_player_1_2609893,bot_player_1@gmail.com
bot_player_1_3125761,bot_player_1@gmail.com
bot_player_1_6814661,bot_player_1@gmail.com
bot_player_1_9187730,bot_player_1@gmail.com
bot_player_1_2579599,bot_player_1@gmail.com
bot_player_1_3980216,bot_player_1@gmail.com
bot_player_1_7757253,bot_player_1@gmail.com
bot_player_1_3290184,bot_player_1@gmail.com
bot_player_1_104103,bot_player_1@gmail.com
bot_player_1_1295742,bot_player_1@gmail.com
bot_player_1_2355010,bot_player_1@gmail.com
bot_player_1_5113947,bot_player_1@gmail.com
bot_player_1_6049842,bot_player_1@gmail.com
bot_player_1_4968245,bot_player_1@gmail.com
bot_player_1_1596001,bot_player_1@gmail.com
bot_player_1_6107863,bot_player_1@gmail.com
bot_player_1_4565437,bot_player_1@gmail.com
