Username,email
bot_user_1_1704578,bot_user_1@gmail.com
bot_user_2_5631087,bot_user_2@gmail.com
bot_user_4_2007939,bot_user_4@gmail.com
bot_user_5_7383967,bot_user_5@gmail.com
bot_user_3_9502141,bot_user_3@gmail.com
bot_user_4_2952856,bot_user_4@gmail.com
bot_user_1_915229,bot_user_1@gmail.com
bot_user_3_5084284,bot_user_3@gmail.com
bot_user_2_3890856,bot_user_2@gmail.com
bot_user_5_3836546,bot_user_5@gmail.com
bot_user_4_895246,bot_user_4@gmail.com
bot_user_2_7390276,bot_user_2@gmail.com
bot_user_5_2802022,bot_user_5@gmail.com
bot_user_3_1059384,bot_user_3@gmail.com
bot_user_1_6948622,bot_user_1@gmail.com
bot_user_1_9286662,bot_user_1@gmail.com
bot_user_4_5121424,bot_user_4@gmail.com
bot_user_2_7206074,bot_user_2@gmail.com
bot_user_5_4519924,bot_user_5@gmail.com
bot_user_3_5964235,bot_user_3@gmail.com
